{"initial_reset_timestamp": 1530687471.2938712, "episode_rewards": [412.0, 412.0, 36.0, 42.0, 412.0, 42.0, 412.0, 42.0, 16.0, 412.0, 13.0, 36.0, 412.0, 412.0, 29.0, 412.0, 47.0, 52.0, 40.0, 81.0, 412.0, 337.0, 20.0, 36.0, 378.0, 412.0, 412.0, 412.0, 21.0, 412.0], "episode_types": ["t", "t", "t", "t", "t", "t", "t", "t", "t", "t", "t", "t", "t", "t", "t", "t", "t", "t", "t", "t", "t", "t", "t", "t", "t", "t", "t", "t", "t", "t"], "timestamps": [1530687475.4152234, 1530687478.4527647, 1530687479.7120287, 1530687482.0312603, 1530687484.294911, 1530687486.3634467, 1530687490.4026191, 1530687492.3052065, 1530687497.5428457, 1530687501.4074814, 1530687503.1818764, 1530687504.6062973, 1530687508.1577916, 1530687510.7224739, 1530687512.487164, 1530687515.3840213, 1530687517.8495014, 1530687520.3536844, 1530687522.1787035, 1530687523.3540528, 1530687528.7240915, 1530687531.7716439, 1530687532.5411549, 1530687534.2531667, 1530687537.3607662, 1530687539.9086986, 1530687542.8150551, 1530687545.8278763, 1530687547.095369, 1530687550.1519463], "episode_lengths": [2483, 1859, 844, 1555, 1529, 1358, 2724, 1276, 3241, 2620, 1158, 973, 2435, 1730, 1190, 1969, 1654, 1689, 1225, 781, 3603, 2045, 515, 1146, 2096, 1712, 1953, 1640, 786, 1994]}